Graph's type,Nodes number,Edges number,Average shortest path,Diameter,Average degree centrality,Average clustering
random,100,505,2.2195959595959596,4,0.10202020202020202,0.09875830241310117
scale_free,100,196,2.9585858585858587,5,0.0395959595959596,0.14456063892248103
small_world,100,200,5.087272727272727,11,0.04040404040404041,0.3963333333333333
binomial_tree,64,63,5.095238095238095,11,0.03125,0.0
mycielski,47,236,1.7816836262719704,2,0.2183163737280296,0.0
sudoku,16,56,1.5333333333333334,2,0.4666666666666667,0.42857142857142855
