Typ grafu,Liczba wierzchołków,Liczba krawędzi,Średnia najkrótsza ścieżka,Średnica,Średnia centralność stopnia,Średni współczynnik gronowania
random,95,443,2.27010078387458,4.0,0.0992161254199328,0.09089098036466457
scale_free,95,114,,,0.02553191489361702,0.029039264828738514
small_world,95,175,5.889809630459126,14.0,0.03919372900335946,0.37052631578947365
binomial_tree,59,41,,,0.02396259497369959,0.0
mycielski,42,140,2.103368176538908,4.0,0.16260162601626016,0.0
sudoku,11,29,1.4727272727272727,2.0,0.5272727272727273,0.45454545454545453
